<?xml version="1.0" encoding="UTF-8"?>
<project-private xmlns="http://www.netbeans.org/ns/project-private/1">
    <editor-bookmarks xmlns="http://www.netbeans.org/ns/editor-bookmarks/2" lastBookmarkId="0"/>
    <open-files xmlns="http://www.netbeans.org/ns/projectui-open-files/2">
        <group>
            <file>file:/C:/Users/esteb/OneDrive/Escritorio/archivo%20del%20escritorio%20de%20esteban/prime%20medical/src/vista/Principal.java</file>
            <file>file:/C:/Users/esteb/OneDrive/Escritorio/archivo%20del%20escritorio%20de%20esteban/prime%20medical/src/vista/Productos.java</file>
            <file>file:/C:/Users/esteb/OneDrive/Escritorio/archivo%20del%20escritorio%20de%20esteban/prime%20medical/src/modelo/UsuarioDAO.java</file>
            <file>file:/C:/Users/esteb/OneDrive/Escritorio/archivo%20del%20escritorio%20de%20esteban/prime%20medical/src/vista/AgregarCarritoo.java</file>
            <file>file:/C:/Users/esteb/OneDrive/Escritorio/archivo%20del%20escritorio%20de%20esteban/prime%20medical/src/controlador/ControladorProducto.java</file>
        </group>
    </open-files>
</project-private>
